{
  "multipart": [
    {
      "apply": {
        "model": "minecraft:block/pink_concrete"
      }
    },
    {
      "when": {
        "north": "true"
      },
      "apply": {
        "model": "minecraft:block/barrier"
      }
    },
    {
      "when": {
        "east": "true"
      },
      "apply": {
        "model": "minecraft:block/barrier",
        "y": 90
      }
    },
    {
      "when": {
        "south": "true"
      },
      "apply": {
        "model": "minecraft:block/barrier"
      }
    },
    {
      "when": {
        "west": "true"
      },
      "apply": {
        "model": "minecraft:block/barrier",
        "y": 90
      }
    },
    {
      "when": {
        "north": "false"
      },
      "apply": {
        "model": "minecraft:block/barrier"
      }
    },
    {
      "when": {
        "east": "false"
      },
      "apply": {
        "model": "minecraft:block/barrier"
      }
    },
    {
      "when": {
        "south": "false"
      },
      "apply": {
        "model": "minecraft:block/barrier",
        "y": 90
      }
    },
    {
      "when": {
        "west": "false"
      },
      "apply": {
        "model": "minecraft:block/barrier",
        "y": 270
      }
    }
  ]
}